{"cameraMode":{"drawMode":0,"name":"Shaded","section":"Shading Mode"},"sceneLighting":true,"audioPlay":false,"sceneViewState":{"m_AlwaysRefresh":false,"showFog":true,"showSkybox":true,"showFlares":true,"showImageEffects":true,"showParticleSystems":true,"showVisualEffectGraphs":true,"m_FxEnabled":true},"in2DMode":false,"pivot":{"x":63.072181701660159,"y":26.783660888671876,"z":2.1654319763183595},"rotation":{"x":0.046727947890758517,"y":-0.9421641230583191,"z":0.2970702052116394,"w":0.1490163505077362},"size":36.219390869140628,"orthographic":false}